feature,importance
emb_71,0.08998364556745786
emb_461,0.05276346389723549
emb_159,0.03616762725392944
emb_0,0.030703191856676762
emb_1418,0.02712337527361528
emb_53,0.025689692408274983
emb_463,0.021731920890907835
emb_702,0.019295453207698945
emb_1001,0.016727830385747343
emb_930,0.013441993392424786
emb_821,0.01211971795415043
emb_1313,0.011952482058686091
emb_23,0.010170333099668534
emb_844,0.009273174677362722
emb_75,0.008482785862661107
emb_1180,0.00781169786808798
emb_726,0.007324382150410031
emb_745,0.007309714427716372
emb_873,0.007291289919911634
emb_39,0.0068014424639823755
emb_816,0.006403222446075438
emb_502,0.005853106722345983
emb_1089,0.005811957163584838
emb_334,0.005804700926300567
emb_200,0.005801033043085863
emb_1319,0.005612218610535068
LING_query_type_present,0.005195450933842506
TXT_special_char_count,0.005024125401040169
emb_1351,0.005014756493941691
TXT_avg_word_length,0.00477345962549207
COMP_search_space_size_medium,0.0047130797691212626
SEM_domain_secondary_2,0.004448177099864814
emb_222,0.004347883899186382
emb_170,0.004186942964726392
COMP_reasoning_depth,0.004160464492683037
emb_561,0.003920295509425789
emb_1400,0.0039162495633971
TXT_word_count,0.0038352868892384795
emb_798,0.0038295535371042706
emb_1140,0.003812620059125279
TEMP_recency_requirement,0.0038037937613192695
emb_693,0.0035233333152671995
emb_1222,0.003464611661700701
emb_59,0.003347240575582536
emb_1230,0.003334093188183312
emb_876,0.003246101780721679
LING_has_conditional,0.003209141488285284
emb_1111,0.0031647685015982322
INTENT_consequence_severity_4,0.0031545886513653764
LING_tense_should,0.003134610125150739
INFO_recall_requirement,0.0031302164904575096
emb_100,0.0030442251530247216
emb_1431,0.0030324404468834937
emb_1435,0.0030258903938860616
emb_1247,0.0029939030629321656
emb_988,0.002934095130665121
SEM_entity_types_2,0.002913099212164794
emb_1063,0.00281830620976337
emb_922,0.002817575493738571
emb_925,0.0028022683789751274
TXT_char_count,0.0027613080177690892
LING_modality_0,0.002673056522146601
emb_260,0.0026252913254253083
emb_1031,0.002514024283922017
emb_1085,0.0024643199139287833
emb_118,0.0024587336718815034
emb_543,0.0024550140945460383
emb_83,0.002364972940505791
emb_1337,0.002313824699908427
emb_1154,0.002292662198240772
emb_198,0.0022249935735498454
emb_1340,0.002208870104902893
emb_625,0.002190526352575634
COMP_index_complexity,0.0021766023806324176
emb_341,0.002174482499556773
TEMP_reference_type_8,0.0021723704752970702
emb_672,0.0021392248494397554
emb_964,0.0021258849688095666
emb_548,0.002119997130042773
emb_1071,0.0021174278416609855
emb_351,0.0020744824657422125
TXT_text_density_interrogative,0.0020138295610618666
emb_1404,0.0019366170759277
emb_442,0.0019176798900631597
emb_808,0.0018984826653525198
SEM_domain_secondary_none,0.0018774841667456637
INFO_density_score_0.67,0.0018756970441497483
emb_1036,0.0018415701946742139
emb_30,0.0018244656302957654
emb_1403,0.0018059356891564605
emb_708,0.0017172947110236094
emb_1530,0.0016743205250072492
emb_1100,0.0016285856464782137
emb_605,0.0016252642981570533
emb_739,0.0015979815403027798
emb_1308,0.0015194327774113623
emb_540,0.001504964551155271
emb_780,0.0014988675698527475
emb_123,0.00148700226766149
emb_481,0.0014852049923023286
emb_980,0.0014838490204698146
emb_279,0.0014830237904121543
emb_225,0.001465405785765448
emb_1281,0.001435184163162066
emb_265,0.0014233917030793159
emb_261,0.0014042917556131174
emb_519,0.0013767257312746494
emb_545,0.0013749881457708918
emb_1355,0.0013564176600049582
emb_255,0.0013447478672402842
emb_612,0.0013417694165388473
emb_26,0.001330504774586774
emb_490,0.001308987504378004
TEMP_realtime_need_3,0.0012986639453622674
emb_713,0.0012907241624908045
emb_701,0.0012883312061095996
emb_147,0.0012682127519471325
emb_943,0.0012668368828466817
LING_query_type_declarative,0.001246642229341507
emb_581,0.0012118168196196873
emb_363,0.0011924658531685495
emb_856,0.0011856836474449248
emb_559,0.0011758664962611208
emb_677,0.001133534209052602
emb_1173,0.0011280309211751415
emb_1008,0.001127336357868936
TEMP_range_specificity_1,0.0011111282217514645
emb_734,0.0011043817834230643
emb_459,0.0011041301166530312
emb_1176,0.0011040688996105635
emb_98,0.0010719987502694397
emb_782,0.0010675845430701341
emb_584,0.0010658958572923325
emb_604,0.00105403273298371
emb_711,0.0010476135407987868
emb_396,0.0010421957614849414
emb_1155,0.0010364990819591107
emb_650,0.0010214628932756651
emb_1167,0.0010202831832271163
emb_336,0.0010086254340489341
emb_1207,0.00099063348461667
emb_750,0.0009859159344908748
emb_419,0.0009824962486024952
emb_944,0.000981900588615705
emb_529,0.0009790409261578724
emb_968,0.0009767935940738451
emb_1177,0.0009609785891350645
emb_425,0.000954316195930902
emb_122,0.0009536426028937563
TASK_expected_result_count_absolute,0.0009522570323919223
emb_536,0.0009485848483548818
emb_957,0.0009413865949996758
emb_557,0.0009411178180411638
emb_145,0.0009397556579121998
emb_1332,0.0009368844115885071
emb_546,0.0009257415549468781
TASK_external_dependency_0,0.000922521411432529
emb_710,0.0009177122857695095
emb_1088,0.0009175532960271933
emb_263,0.0009154210605245507
emb_1305,0.0009097921751860873
emb_1484,0.0009084608331045985
emb_1360,0.0009044087212485037
emb_522,0.0009009374461954833
emb_1116,0.0008986975606252862
emb_1211,0.0008976013484813781
emb_27,0.0008946373944905836
emb_1093,0.0008920754913971328
emb_906,0.0008887467426390558
emb_986,0.0008833630004857634
emb_1414,0.0008787587535896872
emb_1306,0.0008759361911489756
emb_674,0.0008750985457431655
emb_203,0.0008702780040154728
emb_1304,0.0008682668773131482
emb_1150,0.0008624009129542704
emb_428,0.0008622626560401226
emb_685,0.0008506960120287541
emb_657,0.0008454069715761398
emb_331,0.0008424933229903637
emb_465,0.0008412014705253924
emb_588,0.0008356931293949311
emb_1448,0.0008356423261021591
emb_919,0.0008304039829194134
emb_994,0.0008286711087606494
emb_1283,0.0008282918994984412
emb_1293,0.0008238029592435863
emb_626,0.0008128282718924715
emb_3,0.0008113077715219319
emb_533,0.0008084731453579981
emb_1269,0.000807148594591506
emb_1005,0.0008010753860078254
SEM_domain_primary_none,0.0007998862173689538
emb_549,0.0007986193216312492
emb_956,0.0007945250069936004
emb_766,0.0007925555755518239
emb_1203,0.0007855243413144009
emb_1074,0.000777409540837916
emb_586,0.0007755514448380186
emb_267,0.0007736991097298711
emb_598,0.000770135947180849
emb_32,0.0007685362199217141
emb_1528,0.0007604296522984746
emb_1141,0.000752877567188119
emb_1282,0.0007503625249151975
emb_1416,0.000749775263709894
emb_104,0.000749204131505583
emb_1178,0.0007460506461476201
emb_535,0.0007441668218436397
emb_849,0.0007423405713362656
emb_1257,0.0007403610594178619
emb_609,0.0007390778368237621
TASK_needs_aggregation_1,0.000737990958622806
emb_878,0.0007337533717969081
emb_405,0.0007325020388706404
emb_879,0.0007269557382076683
emb_8,0.0007244955066986901
emb_573,0.0007235867562258564
emb_822,0.00071909167606256
emb_682,0.0007157128007097144
emb_1053,0.0007135773668379746
emb_830,0.0007122682651383348
emb_636,0.0007116131400768906
emb_219,0.0007109118526655461
emb_1107,0.000710694446489732
emb_1075,0.0007052899997643026
emb_767,0.00070447689627519
emb_728,0.0007037601787518697
emb_904,0.0007024488472686971
emb_66,0.0006834703352075632
emb_304,0.0006818159891400153
emb_720,0.0006810743031053531
emb_662,0.0006759607781558182
emb_1120,0.0006749360673173227
emb_64,0.0006718793208016842
emb_671,0.0006705444878863703
emb_958,0.0006698638330156538
emb_45,0.0006673141527437109
emb_1092,0.0006597911824471419
emb_718,0.0006572135352882736
emb_833,0.0006558175864333028
emb_115,0.0006447676309134649
emb_430,0.0006438455576032006
emb_146,0.0006392504366036929
emb_108,0.0006371245638091201
emb_1195,0.0006369948982357259
emb_1179,0.0006281046383331284
emb_384,0.0006219147861733156
emb_1135,0.0006206987269578835
emb_1163,0.0006204916391094929
emb_700,0.0006178450240985819
emb_1065,0.0006176411946507973
emb_1455,0.0006164398996222538
emb_1199,0.0006116137839755157
emb_933,0.0006096019420344027
emb_654,0.0006094035380953836
emb_1210,0.0006090089660646515
emb_143,0.0006076806885176341
emb_340,0.0006071122339615214
emb_578,0.0006026695340077954
emb_1000,0.000601327586105722
emb_875,0.0005998179396647944
emb_807,0.0005986557562565773
emb_1417,0.0005971319820338343
emb_484,0.0005956185709405624
emb_951,0.0005940095295045425
emb_1524,0.0005929472311620205
emb_1296,0.0005893084674024998
emb_36,0.00058898507268744
emb_1310,0.0005870245240593951
emb_1206,0.0005864386547810166
emb_353,0.000586153277666807
emb_800,0.0005804804391519305
emb_285,0.0005801548739565758
emb_464,0.0005776931468829233
emb_86,0.0005771546360340096
emb_346,0.0005764872894543022
emb_190,0.0005763805941841703
emb_1437,0.0005723727721996514
emb_181,0.0005700876795627181
emb_1070,0.0005687468155462219
emb_697,0.0005667520396890007
emb_1311,0.0005589581029048302
emb_836,0.0005568168746023114
emb_1397,0.0005568159190957021
emb_309,0.00055266884248018
emb_188,0.0005514120785678786
emb_238,0.0005507872301551221
emb_1181,0.0005505179814079467
emb_1314,0.0005483800280016851
emb_1491,0.0005482826447716536
emb_473,0.0005482368052571359
emb_1443,0.0005476568819702824
emb_512,0.0005476505324622349
emb_669,0.0005475766996527409
emb_244,0.0005473514518369159
emb_1245,0.0005455282186743125
emb_427,0.0005449580141100963
emb_1412,0.0005442425747365624
emb_482,0.0005421868224091716
emb_125,0.0005418105529475994
emb_1507,0.0005380358159517416
emb_684,0.0005374018754804899
emb_193,0.0005356183596946619
emb_485,0.0005348508224453652
emb_1318,0.0005315361119810737
emb_185,0.0005311508947272991
emb_291,0.0005236644123114012
emb_915,0.0005229426432734149
emb_365,0.0005227249347609966
emb_1475,0.0005211258201999456
emb_1251,0.0005184219265109603
emb_861,0.0005183906271827676
emb_1510,0.0005160424452442196
emb_1284,0.0005123740486233808
emb_388,0.000509004714849743
emb_1123,0.0005086309788717224
emb_153,0.0005065834426639672
emb_1533,0.0005052873769071197
emb_510,0.0005038990104491283
emb_885,0.0005031936172091883
emb_1137,0.000500515449001541
emb_1113,0.0005002578946953634
emb_138,0.000499170447784677
emb_945,0.0004981194382287804
emb_1336,0.0004971526279464449
emb_1494,0.0004950188338379743
emb_1523,0.0004932825131309445
emb_264,0.0004890822474466189
emb_1495,0.00048825126041500096
emb_1136,0.0004875711304501189
emb_962,0.00048339312382122154
emb_1470,0.0004803474436172206
emb_1115,0.00047949464343840435
emb_1499,0.000476892675008159
emb_839,0.000474701450092526
emb_257,0.00047391859511451055
emb_131,0.0004737003950087434
emb_1058,0.0004726825243360129
emb_1508,0.00046756588148236624
emb_1534,0.00046746792616078386
emb_647,0.00046693102438509964
emb_1367,0.00046679673505587013
emb_315,0.0004645475602882544
emb_664,0.00046390955307049205
emb_235,0.00046146474139518166
emb_1497,0.0004591706503239578
emb_271,0.0004583006847141309
emb_1466,0.0004572321005203637
emb_1215,0.00045624277516592726
emb_592,0.0004558857292149432
emb_253,0.0004558256815946586
emb_1201,0.0004555430584915214
emb_673,0.0004523784226447192
emb_1440,0.00045082824703010857
emb_1276,0.0004506189151734509
emb_173,0.0004505782483167284
emb_209,0.00044980383487498276
emb_996,0.00044779323120630235
emb_254,0.00044658993211160963
emb_1458,0.0004435914534300065
emb_748,0.0004418752335708197
emb_837,0.0004404646814127136
emb_514,0.0004389566588177441
emb_977,0.00043839834743411446
emb_230,0.00043475687968839256
emb_124,0.0004342273240936806
emb_128,0.0004338646108785909
emb_448,0.0004338124500607166
emb_999,0.00042406620259988675
TEMP_reference_type_1,0.000423906539025255
emb_1419,0.0004237217235267976
emb_1401,0.0004214556041751971
emb_858,0.0004201515433617401
emb_1034,0.00041901403016534006
emb_65,0.0004189571802232408
emb_868,0.000417581753816525
emb_1125,0.0004174727426510258
emb_507,0.0004156790889361149
emb_417,0.0004152181776017928
emb_117,0.00041490674126308606
emb_577,0.00041434560977681985
emb_716,0.00041308937239108607
emb_611,0.0004125750229430204
emb_150,0.00040674537358000045
emb_843,0.0004056129072079176
emb_1503,0.0004054905372841724
emb_1438,0.0004048834902841454
emb_329,0.0004025817423148826
emb_449,0.0004012294691716669
emb_12,0.000400971991854511
emb_1341,0.00039922031027834717
emb_864,0.0003958266805719948
emb_967,0.00039558215910356936
emb_1126,0.0003953735252508598
emb_1424,0.0003950812880840225
emb_761,0.0003944912427783642
emb_1286,0.000393330730409483
emb_1483,0.0003929738817081364
emb_1164,0.00039229457152997434
emb_84,0.0003910556908883464
emb_838,0.00038688318988858226
emb_101,0.00038622308476288306
emb_1068,0.00038191656565534434
emb_183,0.000379589977905061
emb_1039,0.00037752788493808744
emb_891,0.0003773050971707995
emb_105,0.00037639151617704594
emb_497,0.0003748339022010233
emb_651,0.0003732559447630676
emb_867,0.0003693066981062272
emb_1498,0.0003692950293698863
emb_840,0.0003692047827881946
emb_96,0.0003643694333786783
emb_652,0.00036407383617270196
emb_4,0.0003623431163501467
emb_732,0.00036212559869022997
emb_1505,0.00036024158650411716
TXT_char_count_no_spaces,0.0003577706329760169
emb_37,0.000357445183877175
emb_595,0.00035148379293927694
emb_823,0.00034763126200893163
emb_250,0.00034667986276030994
emb_1142,0.00034636099536615656
emb_786,0.00034468767453730556
emb_1098,0.00034358138673519815
emb_1436,0.00034293721051909275
SEM_ambiguity,0.0003425288785110621
emb_1018,0.00033973153252445153
emb_1442,0.0003393582209228144
emb_642,0.0003390222218571342
emb_740,0.00033899944212818556
emb_1183,0.00033790304866065116
emb_984,0.00033762516051595657
emb_809,0.00033760795070815816
emb_656,0.0003350141600092277
emb_221,0.0003325045236305272
emb_1012,0.0003316400411163499
emb_792,0.00032955954600438737
emb_910,0.00032863627083444904
emb_889,0.0003284307994794694
emb_1121,0.00032792419403606353
emb_1423,0.0003270691970458623
LING_query_type_interrogative,0.00032432300395166273
emb_1260,0.0003225992402862532
emb_1471,0.0003200389872651614
emb_1117,0.00031845365401791503
emb_1344,0.00031821413419443214
emb_195,0.00031812467100854303
emb_547,0.00031774950294585595
emb_1208,0.0003172207797702986
emb_31,0.00031716111125910425
emb_55,0.000316772631349588
emb_1307,0.0003163465688815935
emb_375,0.00031630004172945576
emb_1426,0.00031534031583295636
emb_494,0.0003141337777000732
emb_387,0.0003138321753105789
emb_508,0.00031353704298636237
emb_743,0.00031288068546258895
emb_1449,0.00031247765122059174
emb_1462,0.0003118524168881587
emb_199,0.0003110666619788879
emb_663,0.00030986732873364097
emb_1345,0.00030953903297816486
emb_995,0.0003072369928174589
emb_466,0.00030665595491678787
emb_474,0.00030507678526955635
emb_881,0.00030477979502547463
emb_521,0.0003040464694218589
emb_667,0.0003028612715879514
emb_333,0.00030092471951867727
emb_424,0.0003006717001678267
emb_1166,0.00030056132774323535
emb_866,0.000299678238771803
emb_1381,0.00029909796811354925
emb_737,0.0002938788293728763
emb_56,0.00029382281697796597
emb_690,0.0002921609135233189
emb_1216,0.00029186513700098546
emb_251,0.000291691619325465
emb_268,0.00029131865589645633
emb_402,0.00029111595105380374
emb_966,0.0002909589400150113
emb_688,0.00028972256818821194
emb_470,0.00028893403334721667
emb_831,0.00028876772470580486
emb_1225,0.00028871416243234484
emb_764,0.00028863532524916395
emb_1271,0.0002872221667898247
emb_245,0.0002868306691189629
emb_597,0.0002856303950226161
emb_407,0.0002847724300515926
emb_237,0.0002837602853264395
emb_1106,0.00028313528366913577
emb_97,0.0002830241881000415
emb_394,0.0002822357268739937
emb_44,0.000282153087765184
emb_903,0.0002821280796130856
emb_1170,0.00028204749285071115
emb_1028,0.0002819491681609616
emb_1384,0.00028183816656760776
emb_1346,0.00028146807468081687
emb_900,0.0002807565501077761
emb_127,0.0002781002510021237
emb_998,0.00027742942639637154
emb_278,0.0002760297005774419
emb_80,0.00027556925290674354
emb_1191,0.00027523951619149454
emb_755,0.00027487167758650523
emb_694,0.0002746122364416033
emb_467,0.0002728687656294352
emb_432,0.00027155062988044025
emb_772,0.00026985677077861185
emb_1453,0.000269166027030119
emb_202,0.0002685386507224268
emb_1352,0.00026830158587539136
emb_818,0.00026732900250196875
emb_729,0.0002662164994894563
emb_752,0.0002661332460391135
emb_1040,0.00026496093954015093
emb_213,0.00026434797444337376
emb_395,0.0002635398657912747
emb_927,0.0002634802215747889
emb_768,0.0002633596468061646
emb_318,0.00026300001698079963
emb_916,0.0002629582624886326
emb_191,0.0002620521280713223
emb_137,0.0002617488725704764
emb_492,0.00026156121106744943
emb_1433,0.00026006230934697667
emb_74,0.0002589593524051371
emb_276,0.00025887870361721065
emb_85,0.0002586230724991815
emb_834,0.00025665179768028824
emb_1413,0.0002562675009244628
emb_243,0.0002560080582369484
emb_1205,0.0002559963223338398
emb_920,0.00025453381778068414
emb_148,0.00025445368891444017
emb_760,0.00025131116656306975
emb_420,0.00025094654770636414
emb_1011,0.0002499110649537877
emb_872,0.0002492607539719721
emb_1421,0.00024900139568863273
emb_949,0.00024744261821873646
emb_960,0.0002461928665339113
emb_1328,0.00024190117328513587
emb_248,0.00024180913973720456
emb_472,0.0002417052030368857
emb_893,0.00024109854893593986
emb_948,0.0002405093272988233
emb_234,0.00024016000178341126
emb_35,0.00024005552622072227
emb_303,0.00023985218275307172
emb_515,0.00023955851192272045
emb_865,0.00023870556149432703
emb_1193,0.00023817873486976418
emb_600,0.00023766686024769037
emb_88,0.00023714438142473753
emb_1258,0.00023480760636025486
emb_722,0.0002344269606571758
emb_416,0.0002339535398935804
emb_602,0.00023314025565743457
emb_313,0.0002313421405222716
emb_1322,0.0002309029227842041
emb_342,0.00023082942426451913
emb_509,0.00023037489386232388
emb_383,0.0002299127920423873
emb_923,0.00022953996626326665
emb_321,0.00022883509113941848
emb_1420,0.0002285068080746259
emb_211,0.00022827008363231145
emb_1110,0.00022740094073830046
emb_478,0.00022715843090344735
emb_468,0.00022699890756103908
emb_538,0.00022639506634564963
emb_1518,0.00022632304000629814
emb_25,0.00022544668894074177
emb_156,0.00022443345381134873
emb_825,0.0002243758014109879
emb_778,0.00022416408312922717
emb_1473,0.00022236680295001195
emb_572,0.00022231496441483379
emb_1204,0.00022198033193197812
emb_1192,0.00022195311571335228
emb_437,0.0002216572438206876
emb_1492,0.00022057822971103082
emb_655,0.0002192252045734394
emb_399,0.00021905049656632914
emb_1270,0.00021774285156548375
emb_1338,0.00021771165753787226
emb_228,0.00021668012834465865
emb_354,0.0002165017932152909
emb_824,0.00021634560315767306
emb_901,0.00021594339638649051
emb_1402,0.00021537241364541726
emb_212,0.00021503513218821396
emb_1325,0.0002146568614568039
emb_505,0.0002145383501786618
emb_941,0.00021384471617650523
emb_644,0.00021303792498640798
emb_412,0.00021116608302555018
emb_1358,0.00021104946917265374
emb_81,0.00021100118877994282
emb_130,0.00021080441307595014
emb_1323,0.00021021298824889048
emb_1264,0.0002079472793821179
emb_121,0.00020788540887945925
emb_1244,0.00020785086590296032
emb_381,0.0002076352551225272
emb_997,0.00020687237082592228
emb_450,0.0002066708583757546
emb_1347,0.0002055504141897034
emb_869,0.00020461033588499764
emb_73,0.0002044985185599072
emb_790,0.00020384122150091355
emb_616,0.00020372885940520618
emb_1004,0.00020357605534195453
emb_1485,0.000203392106553676
emb_575,0.0002032947529744615
emb_574,0.00020325504419596541
emb_835,0.00020289356247220217
emb_368,0.000202888037779432
emb_699,0.00020285049261454795
emb_527,0.00020057615953072497
emb_965,0.0002005075740897869
emb_189,0.00019998183742150392
emb_415,0.00019876258119370854
emb_773,0.00019852599554924148
emb_436,0.00019765491138876157
emb_1159,0.00019592328298379018
emb_480,0.00019582244118213497
emb_1221,0.0001948378130146893
emb_1066,0.00019454303636145439
emb_408,0.00019424788357672872
emb_1396,0.000194003686610145
emb_620,0.00019375931761702505
emb_645,0.00019277488123143312
emb_819,0.00019270678315300976
emb_775,0.0001925255678726232
emb_411,0.00019197893345922784
emb_495,0.00019185881857207527
emb_1104,0.0001918559429634383
emb_1131,0.00019079888571273712
emb_912,0.00019071367226718407
emb_1343,0.0001905423569811743
emb_82,0.00019042330742555222
emb_1398,0.000190146269283065
emb_1415,0.00018989700258624834
emb_606,0.00018986329778624498
emb_18,0.00018900353301260314
emb_552,0.0001889630285401341
emb_1102,0.0001888900996392501
emb_982,0.0001887742737150164
emb_940,0.0001886077717409689
emb_1200,0.00018840732412377204
emb_936,0.00018831434367888017
emb_349,0.00018827246281598434
emb_518,0.00018810867352077386
emb_1460,0.0001880964064585316
emb_596,0.0001879604095737527
emb_719,0.00018775292716243744
emb_1506,0.00018733204723896175
emb_110,0.00018732243440237523
emb_932,0.00018709091311905246
emb_456,0.0001870712156262537
emb_175,0.0001870163722056955
emb_985,0.00018693757251363064
emb_1531,0.00018681739443290958
emb_810,0.00018644280486348984
emb_358,0.00018636607031511586
emb_1361,0.00018611396598508807
emb_330,0.00018595416390494932
emb_1324,0.0001857395687833031
emb_649,0.00018434436497775225
emb_934,0.0001832795754193522
emb_47,0.00018305391858031158
emb_1020,0.00018234451888482248
emb_1134,0.00018126555792882836
emb_79,0.00018096231697084528
emb_1184,0.00018072155156657215
emb_133,0.00017944619378701464
emb_793,0.0001789400108165387
emb_246,0.00017846259473533737
emb_43,0.00017841946768456913
emb_905,0.00017809468360153256
emb_63,0.00017786388773394115
emb_48,0.000177735271715621
emb_1300,0.00017730914214125724
emb_491,0.00017720301928312262
emb_345,0.00017652909618835405
emb_580,0.00017578443972329124
emb_804,0.0001753346082958005
emb_1091,0.00017530319802281434
emb_7,0.00017500074071882937
emb_1509,0.0001747167110619806
emb_149,0.00017464303089427042
emb_880,0.00017381887312173903
emb_594,0.000173414013251478
emb_565,0.0001732963322636068
emb_132,0.00017327946898999385
emb_622,0.00017320128936430514
emb_668,0.00017247500582704886
emb_1486,0.00017049878574784284
emb_300,0.00017009075137605216
emb_335,0.00016988825887215273
emb_404,0.00016909206546081006
emb_500,0.00016869034609624513
emb_1425,0.00016863150038795284
emb_1119,0.00016841718454360406
emb_299,0.00016769341219895244
emb_640,0.00016628018669289532
emb_20,0.00016612177215971302
emb_1095,0.0001659674369806392
emb_452,0.0001659134575403515
emb_1490,0.00016570091058364103
emb_1527,0.00016556900363631007
emb_1064,0.00016530788213733226
emb_1196,0.00016516402059065272
emb_1461,0.00016480347311206278
emb_689,0.0001642456084161786
emb_806,0.0001639502394801773
emb_1301,0.00016366304544003507
emb_401,0.00016315801414426638
emb_166,0.00016280785769654248
emb_328,0.00016278371016676099
emb_1441,0.00016218330702013874
emb_850,0.00016175918717982858
emb_812,0.00015964016406476214
emb_852,0.00015961570983592032
emb_946,0.0001575815288241198
emb_1061,0.0001562666466117733
emb_1127,0.0001553179603310738
emb_1386,0.00015529733421873175
emb_1202,0.00015395285965428464
emb_721,0.00015391934013795326
emb_1079,0.0001529447676935435
emb_471,0.00015270190437866125
emb_1084,0.00015206749361073004
emb_406,0.00015191021032740255
emb_1465,0.00015139684712178113
emb_1259,0.0001513592677060341
emb_1067,0.00015127955200667142
emb_641,0.00015127593379117582
emb_855,0.00015121830734468968
emb_294,0.00015108001911356568
emb_783,0.00015069251126935027
emb_698,0.00015053216389303482
emb_937,0.00015019445366414857
emb_1146,0.00014997853889732105
emb_898,0.00014985366292271827
emb_888,0.0001496880897891198
emb_683,0.00014943131750596702
emb_457,0.00014815593128435757
emb_429,0.00014735326904707913
emb_1129,0.0001471778738174625
emb_1312,0.00014663657792210867
emb_1197,0.00014662317965553366
emb_15,0.00014648882318097245
emb_803,0.00014633439719100307
emb_1015,0.00014600241025654762
emb_1428,0.00014540915587332666
emb_610,0.00014527370941317934
emb_1316,0.00014446409906592223
emb_446,0.00014442126785404558
emb_1481,0.0001435050278122125
emb_413,0.00014196310841772575
emb_1407,0.00014140461741275295
emb_730,0.0001413875778888337
emb_1278,0.00014064212766020696
emb_34,0.00013984693557200434
emb_1317,0.0001395055813610953
emb_1130,0.00013906124022045478
emb_1009,0.00013849704615918274
emb_686,0.00013778137854124017
emb_1044,0.00013730085378804024
emb_744,0.00013709344203951472
emb_1287,0.0001370562849716812
emb_1330,0.00013609654540983182
emb_1359,0.0001353615490908835
emb_312,0.00013518989181317517
emb_1049,0.00013474629435271374
emb_377,0.00013454867164009715
emb_233,0.00013452690234102486
emb_409,0.00013352746399625324
emb_205,0.00013346462678995254
emb_378,0.0001326268927582881
emb_1236,0.0001324022874179705
emb_544,0.0001323226099841281
emb_1002,0.00013219651124808212
emb_438,0.0001319702750057854
emb_277,0.00013169754258793442
emb_1382,0.00013150572768181622
emb_1391,0.00013148078965980923
emb_706,0.00013097060754342613
emb_444,0.00013068919378301263
emb_1292,0.0001305486946143403
emb_523,0.0001304288769826974
emb_935,0.0001304032249870986
emb_1364,0.0001301110382662071
emb_989,0.00013006061712789012
emb_892,0.00012969389221236874
emb_487,0.00012954964393208137
emb_1479,0.00012913780334827764
emb_1235,0.0001285042765509963
emb_829,0.00012849359540528582
emb_955,0.0001282161906578299
emb_1025,0.00012796219055977135
emb_884,0.00012782477967979408
emb_1073,0.00012762727487475913
emb_1429,0.00012733356893557601
emb_469,0.0001263892892177827
emb_681,0.00012638393883388147
emb_163,0.0001261168731879543
emb_370,0.00012546887038700173
emb_477,0.0001253001687969657
emb_813,0.0001248069675032944
emb_400,0.00012447847207838249
emb_627,0.00012318366383482363
emb_367,0.00012305501306141857
emb_1228,0.00012272345996799648
emb_746,0.00012226810202388717
emb_102,0.00012216307046629827
emb_1188,0.00012212494952018105
emb_1309,0.00012180226156671711
emb_1133,0.0001216591216114496
emb_1019,0.00012127131633062136
emb_1169,0.00012084402952785574
emb_1468,0.00012057714851764512
emb_1333,0.00012047420413095606
emb_385,0.00012013819744298103
emb_1379,0.00012009501490612367
emb_445,0.00011921613567265702
emb_33,0.00011842475459374155
emb_585,0.00011804404678170127
emb_486,0.00011758370177298253
emb_357,0.00011722723663337641
emb_1365,0.00011714176109713168
emb_1108,0.0001170474867146814
emb_791,0.0001158732940567269
emb_443,0.00011585796865707627
emb_187,0.00011555132467811848
emb_731,0.00011553472042318723
emb_1478,0.00011531921267306289
emb_1209,0.00011504156948706464
emb_1335,0.00011489858082099802
emb_302,0.00011460422563432022
emb_1302,0.00011363203564541864
emb_1502,0.0001133426975689807
emb_380,0.0001123228990012075
emb_317,0.00011218068618079271
emb_1056,0.00011188983617371164
emb_1238,0.00011155925057765649
emb_1080,0.00011149090017152642
emb_542,0.00011137746282225867
emb_886,0.00011134024915777217
emb_196,0.00011103080183339168
emb_393,0.00011094252321351756
emb_1172,0.00011076644692330277
emb_924,0.00010998398893758793
emb_894,0.00010987011897033586
emb_1157,0.00010869603600746404
emb_168,0.00010843353561938779
emb_537,0.00010803744157479162
emb_382,0.00010750648979437892
emb_218,0.00010750599321262381
emb_556,0.00010673386130760743
emb_93,0.00010614070821743726
emb_242,0.00010586393740485647
emb_779,0.00010555069726777003
emb_758,0.00010380632090411329
emb_1320,0.00010267498923185111
emb_397,0.00010225701901147567
emb_1096,0.00010201169021763813
emb_712,0.00010200842293006426
emb_392,0.00010189779578921768
emb_274,0.00010096284323695484
emb_106,0.00010079966258406226
emb_1138,0.00010077629200863099
emb_1249,0.00010070516538528154
emb_197,9.98223262935834e-05
emb_78,9.901831167621504e-05
emb_615,9.89416038929861e-05
emb_703,9.834555591314343e-05
emb_22,9.780327112132e-05
emb_953,9.779812327117391e-05
emb_13,9.72651872113531e-05
emb_551,9.710785932930519e-05
emb_1078,9.703857325169789e-05
emb_530,9.653112103706255e-05
emb_141,9.612862410450722e-05
emb_320,9.600600646719084e-05
emb_177,9.597129143211703e-05
emb_307,9.575730753788352e-05
emb_369,9.573570514000261e-05
emb_1182,9.570244016710701e-05
emb_1033,9.563845186778379e-05
emb_1457,9.538834366767624e-05
emb_704,9.47717300547975e-05
emb_1459,9.46548766446467e-05
emb_707,9.45826436207574e-05
emb_928,9.429724754742122e-05
emb_366,9.414250593109214e-05
emb_757,9.408112608020691e-05
emb_1223,9.398009531132836e-05
INTENT_urgency_level,9.299463825078241e-05
emb_796,9.223976355615877e-05
emb_1519,9.214647390699344e-05
emb_981,9.177948917141198e-05
emb_1493,9.151561161772247e-05
emb_1060,9.116145078637366e-05
emb_433,9.10561988836891e-05
emb_897,9.066436825624502e-05
emb_799,9.063576083072594e-05
emb_1139,9.030679837438551e-05
emb_1380,9.02041027943435e-05
emb_24,8.966375810342212e-05
emb_69,8.939296289311417e-05
emb_1439,8.90582316755538e-05
emb_749,8.904035449485676e-05
emb_215,8.903996435902185e-05
emb_1392,8.880083130105787e-05
emb_52,8.872048718072488e-05
emb_1021,8.868218171250758e-05
emb_29,8.775854699390595e-05
emb_1294,8.753048596499386e-05
emb_1406,8.731234483146965e-05
emb_717,8.610954585704974e-05
emb_77,8.598109597019723e-05
emb_723,8.574414683562048e-05
emb_1109,8.566233962795013e-05
emb_247,8.544699337385725e-05
emb_815,8.531510343652531e-05
emb_92,8.505727406639953e-05
emb_599,8.495958574744073e-05
emb_568,8.470406244799153e-05
emb_738,8.469582858667207e-05
emb_1422,8.46578198436141e-05
emb_871,8.458489368662182e-05
emb_1339,8.40287066212365e-05
emb_1348,8.360537508995883e-05
emb_1083,8.340723283481714e-05
emb_646,8.313618671313231e-05
emb_120,8.27285535493896e-05
emb_220,8.269729438788648e-05
emb_811,8.257603761955824e-05
emb_643,8.247157398373147e-05
emb_969,8.215402785203817e-05
emb_802,8.207364716316863e-05
emb_534,8.182679231996838e-05
emb_426,8.167995770172652e-05
emb_337,8.110635366791958e-05
emb_1254,8.077390342758301e-05
emb_207,8.069095731137e-05
emb_1151,8.062866365327914e-05
emb_676,8.053184393426178e-05
emb_1267,8.026608326421549e-05
emb_1410,8.025325273854241e-05
emb_607,8.024277578797835e-05
emb_769,8.00823959571112e-05
emb_1273,7.992320759048845e-05
emb_356,7.987784107461271e-05
emb_1356,7.926147439768331e-05
emb_1522,7.885171465396221e-05
emb_172,7.881936450140178e-05
emb_623,7.878040051917104e-05
emb_890,7.86978231646951e-05
emb_171,7.83009992052953e-05
emb_350,7.820603550303495e-05
emb_1489,7.780618225914428e-05
emb_1275,7.758701676840423e-05
INFO_precision_requirement_3,7.756167691715374e-05
emb_1042,7.670666086630734e-05
emb_1430,7.666396354063367e-05
emb_1268,7.642855711233574e-05
emb_327,7.600531194650663e-05
emb_841,7.600392270533424e-05
emb_422,7.571371471658436e-05
emb_926,7.570370151845115e-05
emb_959,7.509621598071281e-05
emb_1327,7.484245318242304e-05
emb_311,7.4440254622033e-05
emb_1370,7.419844521254342e-05
emb_95,7.334038474292559e-05
emb_1094,7.326149393564392e-05
emb_116,7.302917996740619e-05
emb_359,7.298917433612797e-05
emb_1476,7.293217642030587e-05
emb_747,7.288245828255059e-05
emb_462,7.285469022563689e-05
emb_555,7.283576415120194e-05
emb_114,7.281321019927402e-05
emb_1445,7.272553005804289e-05
emb_1072,7.24394573073904e-05
emb_1168,7.24005512438003e-05
emb_1050,7.196502287546378e-05
emb_1175,7.192770387090146e-05
emb_298,7.129209264046761e-05
emb_488,7.12859045441505e-05
emb_975,7.121534650169066e-05
emb_979,7.104176477951916e-05
emb_1152,7.077556302139482e-05
emb_1366,7.052857513512042e-05
emb_582,7.040743573112904e-05
emb_1016,7.028457780925454e-05
emb_635,7.00527586543057e-05
emb_262,6.993709492450821e-05
emb_423,6.973584609574507e-05
emb_795,6.972448799634907e-05
emb_347,6.937745203873351e-05
emb_787,6.933193538257706e-05
emb_348,6.91865374248959e-05
emb_619,6.879898762061042e-05
emb_68,6.873629097809677e-05
emb_1447,6.862691843803037e-05
emb_528,6.822126536939018e-05
emb_692,6.773570495094617e-05
emb_882,6.734044014844863e-05
emb_272,6.68029852492205e-05
emb_1500,6.658406784017565e-05
emb_1243,6.618514436239703e-05
emb_386,6.556276780881637e-05
emb_1385,6.551333679621874e-05
emb_458,6.543127182941432e-05
emb_714,6.496680202175812e-05
emb_236,6.489198547572538e-05
emb_1408,6.459292940216262e-05
emb_1076,6.457209944091251e-05
emb_1256,6.418116992500498e-05
emb_454,6.399003517940502e-05
emb_282,6.39815489428772e-05
emb_727,6.389040936244988e-05
emb_1030,6.37740632161111e-05
emb_223,6.373428443951911e-05
emb_169,6.354206089096712e-05
emb_1274,6.32454365083432e-05
emb_1434,6.313640999834346e-05
emb_390,6.303284569171918e-05
emb_332,6.285240523096788e-05
emb_249,6.267979165640436e-05
emb_1149,6.266073339216332e-05
emb_1535,6.245750245879853e-05
emb_970,6.244905945884898e-05
emb_306,6.224013418671492e-05
emb_501,6.222617377141417e-05
emb_1101,6.200726432735019e-05
emb_204,6.200689491020097e-05
emb_1452,6.152206952941953e-05
emb_90,6.147144187373105e-05
emb_1390,6.107419928833702e-05
emb_785,6.0765145219277865e-05
emb_1114,6.0714075899596383e-05
emb_696,6.050492260890674e-05
emb_10,6.0419150373398316e-05
emb_1411,5.989549053189149e-05
emb_1162,5.948465042154634e-05
emb_976,5.9251768328436564e-05
emb_1077,5.92486774811411e-05
emb_1026,5.911281762078943e-05
emb_325,5.906715821855084e-05
emb_1024,5.8984916924372634e-05
emb_942,5.8982653499013406e-05
emb_1252,5.870315211058929e-05
emb_1298,5.837121607774129e-05
emb_1377,5.796868098385767e-05
emb_520,5.7927046112750496e-05
emb_1145,5.767607592939981e-05
emb_1290,5.71369234245532e-05
emb_715,5.702966074059592e-05
emb_91,5.678852599699323e-05
emb_287,5.667757142602264e-05
emb_660,5.5577691897323675e-05
emb_57,5.551079969962992e-05
emb_139,5.5478365160982886e-05
emb_587,5.5416285294651773e-05
emb_1265,5.5377690928235695e-05
emb_273,5.5303866035556306e-05
emb_983,5.528973197661446e-05
emb_741,5.509660360480272e-05
emb_489,5.503391385773673e-05
emb_1112,5.496979379776708e-05
emb_1464,5.467404722316034e-05
emb_788,5.446624438152392e-05
emb_2,5.3989155837879027e-05
emb_421,5.3933530428828614e-05
emb_666,5.390727098802802e-05
emb_1378,5.387103277872208e-05
emb_938,5.354746805909216e-05
emb_781,5.334709775601268e-05
emb_896,5.322739430570146e-05
emb_434,5.320015988401614e-05
emb_550,5.30447016489264e-05
emb_1272,5.297619084208661e-05
emb_391,5.2870695345745074e-05
emb_973,5.251647929756871e-05
emb_851,5.234732895050739e-05
emb_447,5.212277192964913e-05
emb_414,5.151865987547153e-05
emb_160,5.144775001216453e-05
emb_194,5.1441554110798536e-05
emb_1189,5.127712748942547e-05
emb_842,5.104993003136702e-05
emb_1023,5.10089185061526e-05
emb_564,5.0891879880384337e-05
emb_240,5.081040726615218e-05
emb_848,5.0372480151587975e-05
emb_295,5.0333471960192025e-05
emb_621,5.032252641897953e-05
emb_991,5.015736731800105e-05
emb_634,5.0044481815714913e-05
emb_1148,5.001923694210747e-05
emb_862,4.988218253419332e-05
emb_1118,4.955529136534466e-05
emb_154,4.922502749371655e-05
emb_1262,4.916750050413889e-05
emb_167,4.9074841789444246e-05
emb_180,4.8707789916893004e-05
emb_532,4.82396258025977e-05
emb_907,4.778677071620378e-05
emb_343,4.7533211860622315e-05
emb_560,4.746556055220457e-05
emb_763,4.6972042246304616e-05
emb_1362,4.6959825146968747e-05
emb_566,4.655604340010684e-05
emb_1128,4.6016428652490545e-05
emb_762,4.592680472083433e-05
emb_5,4.5885719929019176e-05
emb_1389,4.585651985092053e-05
emb_971,4.5442831057405106e-05
emb_1158,4.4533706208831e-05
emb_103,4.451382816626637e-05
emb_164,4.427108976903672e-05
emb_241,4.411018806218246e-05
emb_70,4.4077476310487097e-05
emb_379,4.4024872384099995e-05
emb_1099,4.384000918406738e-05
emb_847,4.3670539672745315e-05
emb_1187,4.3581378722567604e-05
emb_756,4.3426684862784506e-05
emb_217,4.341483437298546e-05
emb_269,4.331727260252748e-05
emb_854,4.301708691548711e-05
TASK_operation_count,4.3003071756276405e-05
emb_952,4.2960806316461165e-05
emb_1003,4.2870198447105856e-05
emb_344,4.2779284024780506e-05
emb_1526,4.245841085445102e-05
emb_275,4.243904603346478e-05
emb_62,4.238749567634449e-05
emb_637,4.178395155067085e-05
emb_201,4.166233082769054e-05
emb_1032,4.159564842407087e-05
emb_771,4.145897407680841e-05
emb_109,4.134263835957935e-05
emb_1240,4.125849158062253e-05
emb_1045,4.1215262604207007e-05
emb_590,4.1083536648757434e-05
emb_725,4.10182313913775e-05
emb_1350,4.0764944716359955e-05
emb_629,4.0746189054666344e-05
emb_40,4.0607129701300745e-05
emb_1363,4.057278157726676e-05
emb_1261,4.05506452507212e-05
emb_1248,4.0150382459665704e-05
emb_364,4.006538103242985e-05
emb_639,4.000476586382937e-05
emb_1504,3.97536511786607e-05
emb_226,3.957475427580073e-05
emb_1521,3.941369615122152e-05
emb_1368,3.91768814678761e-05
emb_531,3.912506505391166e-05
emb_814,3.90097226727824e-05
emb_759,3.890768514239841e-05
emb_736,3.877889679074988e-05
emb_1014,3.863570014704142e-05
emb_496,3.8583063134596665e-05
emb_1488,3.849158180110394e-05
emb_1450,3.839061649018742e-05
emb_498,3.805977575641589e-05
emb_1214,3.804852388383201e-05
emb_633,3.758825313373902e-05
emb_1171,3.687617720437737e-05
emb_1326,3.67844976705047e-05
emb_1156,3.6488185466986e-05
emb_1029,3.640606110967286e-05
emb_259,3.6282300331571206e-05
emb_709,3.605919634781489e-05
emb_826,3.601425897774729e-05
emb_1185,3.5999903182474955e-05
emb_112,3.599019017108019e-05
TASK_expected_result_count_0,3.5725544093653806e-05
emb_1090,3.556649910974355e-05
emb_1456,3.5505821793619536e-05
emb_1288,3.545094095626689e-05
emb_1349,3.543823332293821e-05
emb_1532,3.5053210477762224e-05
emb_661,3.498948722917966e-05
emb_1022,3.4796345999815404e-05
emb_301,3.4761822141885855e-05
emb_1246,3.4289480783724874e-05
emb_695,3.427161300401599e-05
emb_1213,3.38304050988488e-05
emb_475,3.3826448435485866e-05
emb_1160,3.377472969429386e-05
emb_972,3.369373548072826e-05
emb_613,3.363898325545998e-05
emb_1186,3.3319403699059124e-05
emb_1069,3.302827886402297e-05
emb_310,3.261752842173563e-05
emb_1474,3.250572204717134e-05
emb_232,3.232624624969696e-05
emb_987,3.225132078458909e-05
emb_506,3.164165981449208e-05
emb_289,3.163995888216155e-05
emb_360,3.16320660945924e-05
emb_765,3.161918633588497e-05
emb_479,3.1108182705261125e-05
emb_631,3.104937081723556e-05
emb_1432,3.072016190213892e-05
emb_136,3.063866642911964e-05
emb_431,3.0583046583823836e-05
emb_455,3.0511769431688512e-05
emb_827,3.0416692694117237e-05
emb_1224,3.007575135528908e-05
emb_569,2.9776425631421256e-05
emb_1329,2.9756872855445956e-05
emb_1263,2.9731944965167246e-05
emb_1517,2.971802539129648e-05
emb_1086,2.9346414303323063e-05
emb_67,2.9295617648245757e-05
emb_19,2.9169741829903883e-05
emb_1226,2.895909153824088e-05
emb_1253,2.8689003982067933e-05
emb_576,2.856838152956556e-05
emb_1480,2.851809358429357e-05
emb_1052,2.8338199871484515e-05
emb_963,2.817012233103893e-05
emb_1395,2.809816246724397e-05
emb_281,2.8095278479230444e-05
emb_158,2.7489173070956242e-05
emb_1122,2.7433973873652646e-05
emb_451,2.7401086191855517e-05
emb_665,2.731345052136526e-05
emb_258,2.7233897789637424e-05
emb_733,2.704322654984967e-05
emb_1198,2.6912842396872e-05
emb_567,2.6839319304924683e-05
emb_372,2.678286985490861e-05
emb_1059,2.665909546698586e-05
emb_618,2.6639845110680005e-05
emb_947,2.6573410969223334e-05
emb_1144,2.642172884136141e-05
emb_324,2.6290023618157805e-05
emb_1482,2.6141273952679243e-05
INTENT_consequence_severity_neutral,2.6103885803778856e-05
emb_724,2.597813432082812e-05
emb_355,2.5831380324297203e-05
emb_1027,2.5598499493330735e-05
emb_1285,2.5416525065848265e-05
emb_11,2.536471228566272e-05
emb_1037,2.5152381350581087e-05
emb_828,2.5014677102405985e-05
emb_1250,2.4977276867867766e-05
emb_1354,2.4334535821244763e-05
emb_134,2.4163911969297512e-05
emb_1153,2.3919414609295842e-05
emb_214,2.3496903861360503e-05
emb_1054,2.3250025734953793e-05
emb_624,2.3199505255035733e-05
emb_1227,2.318889949278724e-05
emb_297,2.3137147453768328e-05
emb_1372,2.2947185721894355e-05
emb_1174,2.29008200436028e-05
emb_493,2.2789209392291522e-05
emb_374,2.2776203224564984e-05
emb_579,2.26758410478851e-05
emb_1376,2.260431602053687e-05
emb_1255,2.2349817769621692e-05
emb_929,2.2330467593697995e-05
emb_1444,2.2318303699487788e-05
emb_1454,2.1596310330090057e-05
emb_797,2.1550272783037934e-05
emb_857,2.148533010431132e-05
emb_1233,2.1155564536150493e-05
emb_1405,2.11107382365953e-05
emb_591,2.11106479878463e-05
emb_162,2.1045805058874466e-05
emb_513,2.098058197337603e-05
emb_784,2.0805903782072335e-05
emb_239,2.047198222904291e-05
emb_361,2.028701529590864e-05
emb_184,2.0260682237583954e-05
emb_1496,1.9870108793295585e-05
emb_1525,1.9854323978905935e-05
emb_460,1.9811015658550527e-05
emb_817,1.9802746375772105e-05
emb_50,1.9546643072112937e-05
emb_659,1.953950819141366e-05
emb_293,1.9456858359287746e-05
emb_990,1.9425550813918085e-05
emb_453,1.9395568510387194e-05
emb_658,1.9247763409662397e-05
emb_1051,1.914131801292785e-05
emb_1487,1.9130556261951362e-05
emb_1017,1.9053571642453766e-05
emb_152,1.9025581641525943e-05
emb_1331,1.899691171385374e-05
emb_1512,1.8777784687165068e-05
emb_373,1.8691856193441372e-05
emb_1043,1.868286056054304e-05
emb_1511,1.8542382976154668e-05
emb_1451,1.830072788803889e-05
emb_1219,1.8210865575100385e-05
emb_51,1.8169921343433674e-05
emb_909,1.812966410026707e-05
emb_558,1.7966588684109835e-05
emb_61,1.7646608620520586e-05
emb_939,1.725322461394169e-05
emb_308,1.7112225295924818e-05
emb_1231,1.6947124268859226e-05
emb_305,1.689027585284943e-05
emb_210,1.6860241514102613e-05
emb_1218,1.679836597949476e-05
emb_1194,1.6692923836552938e-05
emb_376,1.6691721414557144e-05
emb_1529,1.660996207476184e-05
emb_440,1.6531833882552827e-05
emb_1190,1.6305247861889034e-05
emb_1062,1.6290292580811173e-05
emb_978,1.6283427322401673e-05
emb_174,1.618412230560783e-05
emb_284,1.610059971843213e-05
emb_319,1.6088456461116568e-05
emb_805,1.6035151571888004e-05
emb_874,1.5912180279233883e-05
emb_751,1.5897797348837828e-05
emb_1038,1.566345161159735e-05
emb_362,1.559641782039198e-05
emb_503,1.551807438376393e-05
emb_776,1.534033268478765e-05
emb_1041,1.527503657947564e-05
emb_1006,1.5266381743286016e-05
emb_418,1.502871360694299e-05
emb_570,1.4943609000544202e-05
emb_1105,1.4744750747866178e-05
emb_1399,1.4589400437823271e-05
emb_192,1.455769974534585e-05
emb_1446,1.4323173010271809e-05
emb_216,1.4258932456471401e-05
emb_1371,1.4206993613670661e-05
TASK_expected_result_count_1,1.3908748001283108e-05
emb_288,1.3901919481532259e-05
emb_129,1.3724324876788353e-05
emb_76,1.3706122854707472e-05
emb_54,1.3625040150963806e-05
emb_1515,1.3549695318735669e-05
emb_1369,1.3510348902503668e-05
emb_266,1.340987171574151e-05
emb_899,1.324156840720218e-05
emb_155,1.312177571019185e-05
SEM_domain_primary_photo,1.2892746922623376e-05
emb_326,1.2859789369181777e-05
emb_1047,1.2828360300120215e-05
emb_1469,1.2647704291284055e-05
emb_1353,1.2509984146175642e-05
emb_144,1.2111898116808931e-05
emb_1289,1.1845933633697972e-05
emb_777,1.1734940252453819e-05
emb_1388,1.1528833602240128e-05
emb_46,1.1519871159846168e-05
emb_670,1.1462066226115872e-05
emb_571,1.1433713152946448e-05
emb_908,1.1393186730553889e-05
emb_338,1.1234055639540324e-05
emb_877,1.11449232051208e-05
emb_1357,1.1136621795318274e-05
emb_1295,1.1046027800374574e-05
emb_339,1.1015728192127945e-05
emb_1280,1.1002274379440596e-05
emb_1220,1.0982455627747563e-05
emb_735,1.0746828132754745e-05
emb_483,1.071267202566314e-05
emb_553,1.07003555013131e-05
emb_1,1.0696316301544283e-05
emb_292,1.0621184230952177e-05
emb_1010,1.0575797622631205e-05
emb_1103,1.0547712561202742e-05
emb_1373,1.048122477242715e-05
emb_628,1.0448367678813201e-05
emb_72,1.0262030906842743e-05
emb_270,1.0236594114695972e-05
emb_913,1.0211942853392926e-05
emb_1409,1.0180503463025905e-05
emb_314,1.0173645652255937e-05
emb_648,1.00903903436442e-05
emb_524,1.006325182782413e-05
emb_754,9.867675451103607e-06
emb_1375,9.735273417884403e-06
emb_1342,9.723029191890282e-06
emb_161,9.667130374798511e-06
emb_1291,9.66328849411161e-06
emb_614,9.648060176677978e-06
emb_1081,9.635152975426387e-06
LING_tense_present,9.62757038002396e-06
emb_28,9.505654401698443e-06
emb_832,9.253681771896919e-06
emb_1147,9.238649116013538e-06
emb_1165,9.235257732521301e-06
emb_1212,9.159248555616412e-06
emb_954,9.089296318289583e-06
emb_705,8.967758782426391e-06
emb_675,8.952837361113172e-06
emb_1467,8.746301879563589e-06
emb_950,8.731710514225771e-06
emb_918,8.63607849162105e-06
emb_887,8.613265492195418e-06
emb_151,8.553356188428733e-06
emb_1237,8.300396345510765e-06
emb_89,8.251740890203161e-06
emb_256,8.145301654551125e-06
emb_286,8.11151910800697e-06
emb_38,7.580628975790943e-06
emb_1334,7.528547489007211e-06
emb_389,7.489784352185429e-06
emb_679,7.292953285283798e-06
emb_687,7.252274901658863e-06
emb_895,7.216906615820849e-06
SEM_domain_primary_travel,7.0519876989161615e-06
emb_770,7.0399074600256165e-06
emb_1229,7.03117671164898e-06
emb_1217,7.028078595983342e-06
emb_801,6.908365926644799e-06
TEMP_realtime_need_neutral,6.837470755200339e-06
emb_1374,6.748286696815282e-06
emb_774,6.7193402940774815e-06
SEM_domain_primary_summary,6.693812048167955e-06
emb_902,6.668292260605569e-06
emb_562,6.663061504597902e-06
emb_208,6.614937851570965e-06
emb_229,6.5150548848842625e-06
emb_1097,6.493631477652301e-06
emb_593,6.4396791613797635e-06
SEM_domain_primary_finance,6.407372354825434e-06
TEMP_range_specificity_absolute,6.394568852930048e-06
emb_974,6.366151517933496e-06
emb_961,6.207376712373296e-06
emb_49,6.1214863554518424e-06
emb_917,6.0997703892965645e-06
emb_541,5.994964757340883e-06
emb_914,5.8422202959858305e-06
emb_111,5.8206769608962315e-06
emb_608,5.817169680364192e-06
emb_680,5.783461999755235e-06
emb_1472,5.769509215211065e-06
emb_1143,5.749220301611305e-06
emb_589,5.729665047300757e-06
emb_1315,5.651231957086976e-06
emb_439,5.638798908680792e-06
emb_398,5.625699248521481e-06
TXT_punctuation_count,5.5154895157710585e-06
emb_1242,5.5146732041819195e-06
emb_6,5.481422144162032e-06
emb_182,5.351372565648866e-06
emb_252,5.319746299112262e-06
emb_1383,5.189720751013839e-06
emb_525,5.182565615675566e-06
emb_1239,5.180107270832793e-06
LING_tense_past,5.1730089504367445e-06
emb_206,5.154009529167597e-06
emb_296,5.055452474927348e-06
emb_691,4.951477839823164e-06
emb_1520,4.909190344330856e-06
emb_563,4.804336285640399e-06
emb_176,4.769676493465058e-06
emb_290,4.630928162658945e-06
emb_753,4.614770815639821e-06
emb_371,4.556310033495033e-06
emb_94,4.440907823040395e-06
emb_1232,4.367276196037215e-06
emb_135,4.3586669187921e-06
emb_280,4.321313709207038e-06
emb_60,4.191065601658714e-06
emb_1007,4.133910238237756e-06
emb_41,3.9963197233849916e-06
emb_1394,3.983244359887711e-06
emb_140,3.845627460576694e-06
emb_58,3.675392008975486e-06
emb_1057,3.649867533772399e-06
emb_403,3.6469633158491336e-06
emb_511,3.6332980742253633e-06
INTENT_consequence_severity_0,3.5546779538603013e-06
emb_870,3.424265746557695e-06
emb_601,3.408473176419665e-06
emb_638,3.3694226815319967e-06
emb_1055,3.3511593261967516e-06
emb_794,3.3095938683492218e-06
emb_435,3.2089830059544437e-06
emb_227,3.201481347573571e-06
emb_526,3.0091161427146138e-06
emb_863,3.002556727781584e-06
TXT_text_density_0.316,2.988701010005288e-06
emb_1297,2.958329981634218e-06
emb_224,2.8691175523773963e-06
emb_322,2.825543801719282e-06
emb_1513,2.8106885001044826e-06
emb_142,2.793447630940168e-06
emb_21,2.776199353038349e-06
emb_845,2.7594874342417864e-06
emb_911,2.6687040327343146e-06
emb_1234,2.6238254844164004e-06
SEM_abstractness,2.6039959209290782e-06
emb_1087,2.5867273829718167e-06
emb_1393,2.5727155233425685e-06
INTENT_priority,2.5674129441708352e-06
emb_921,2.5604741135383414e-06
TEMP_realtime_need_2,2.4952485077617716e-06
emb_554,2.478539779028326e-06
emb_516,2.4506817917396963e-06
emb_1241,2.4506346550725042e-06
emb_1277,2.434857130997646e-06
emb_617,2.361991785899076e-06
INTENT_satisfaction_criticality,2.287322891614523e-06
emb_1427,2.279596930965835e-06
emb_632,2.2505787094503952e-06
emb_9,2.2189213286826708e-06
emb_179,2.188392445651199e-06
emb_653,2.1320167891332932e-06
emb_17,2.0996673138381725e-06
TASK_needs_aggregation_0,2.09045997554348e-06
emb_441,2.067087212062651e-06
INFO_constraint_count,2.0486278055247883e-06
emb_742,1.937573543205214e-06
emb_1303,1.91034878163906e-06
emb_1266,1.879748104251961e-06
emb_1477,1.8593420075481092e-06
SEM_domain_primary_outdoor,1.8313122587482278e-06
INTENT_emotional_tone_4,1.8226934700370867e-06
emb_16,1.8090632146032344e-06
INFO_density_score_3,1.7236992091861604e-06
emb_1048,1.6909417524874643e-06
emb_678,1.6565448264254758e-06
emb_119,1.6327754747384715e-06
emb_42,1.5079342248763943e-06
emb_1463,1.447401366390401e-06
emb_126,1.42792221163815e-06
emb_1124,1.4167900154410145e-06
emb_231,1.4035846608996697e-06
emb_1132,1.4034337371954186e-06
emb_860,1.3710163918598925e-06
emb_1013,1.3543643490867828e-06
COMP_search_space_size_none,1.3419251798540965e-06
TASK_needs_sorting_absolute,1.3029495411656111e-06
emb_14,1.3021288583170775e-06
emb_583,1.2710912464256036e-06
emb_859,1.2706073222391981e-06
emb_323,1.2121924879240017e-06
SEM_domain_primary_literature,1.1987272236390076e-06
emb_992,1.1918525506233385e-06
SEM_domain_primary_shopping,1.1356753159189383e-06
emb_1035,1.1091562829758602e-06
emb_1161,1.0897166396474015e-06
emb_1299,1.0609913122934865e-06
emb_186,1.0530734422358713e-06
emb_113,1.0407016670728616e-06
emb_410,9.591441500458003e-07
SEM_domain_primary_meeting,9.518868637211802e-07
emb_1516,9.327165166688318e-07
emb_1046,8.889233463183829e-07
emb_87,8.360335128123881e-07
emb_316,8.346314337695847e-07
LING_modality_none,8.241417612882536e-07
emb_178,8.097164268780168e-07
emb_853,8.049081502197112e-07
emb_539,7.81839452110924e-07
TASK_modality_types,7.289656906664825e-07
emb_352,7.271299510472432e-07
emb_165,6.585218032261495e-07
emb_283,5.892094152725324e-07
emb_1082,5.706714093623193e-07
TXT_text_density_0.2632,5.374843413642063e-07
TXT_text_density_0.24,5.297285430469799e-07
emb_820,4.978114953451778e-07
emb_476,4.784642616979954e-07
INTENT_consequence_severity_5,4.676946801949585e-07
emb_99,4.572157116736813e-07
SEM_domain_primary_music,4.4058213793804644e-07
emb_1387,4.307910929080023e-07
INFO_precision_requirement_1,4.2844769039769784e-07
SEM_domain_primary_event,3.9943588033409597e-07
INTENT_task_priority,3.6084508744283727e-07
emb_603,3.5690731179454515e-07
SEM_domain_primary_exercise,3.349077654788569e-07
emb_846,3.3103046872817757e-07
emb_931,3.055768155908916e-07
emb_883,3.0087357214241864e-07
INFO_precision_requirement_none,2.88857221986144e-07
SEM_domain_primary_media,2.527502165640423e-07
emb_504,2.3437536141842463e-07
emb_107,2.2600871036547746e-07
emb_1279,2.2193191792422888e-07
TEMP_realtime_need_0,2.116129426374924e-07
emb_1501,2.073400721955399e-07
emb_1321,1.7896046551073924e-07
INFO_density_score_1,1.6677030559517434e-07
TASK_external_dependency_text,1.3433344094147365e-07
emb_1514,1.1720592434355889e-07
TASK_needs_aggregation_single,1.1382804289455103e-07
emb_630,1.0641967924738236e-07
TASK_needs_sorting_0,1.0323277480499389e-07
emb_993,1.0267007085854182e-07
COMP_search_space_size_2,1.0186576792471607e-07
SEM_entity_types_none,9.633694274596445e-08
SEM_domain_primary_video,9.627677522697864e-08
INFO_density_score_2,8.162049890512374e-08
TXT_text_density_0.2857,7.76598554857168e-08
INFO_precision_requirement_2,6.3519867140371e-08
TEMP_reference_type_any,6.267814903950475e-08
INFO_precision_requirement_medium,5.89621778456599e-08
emb_157,5.869850520549298e-08
LING_modality_should,5.711136890704166e-08
TASK_external_dependency_absolute,5.680584612378391e-08
INFO_precision_requirement_0,5.6784118694170683e-08
LING_verb_noun_ratio_1,5.488927008397613e-08
TEMP_reference_type_single,5.422345792432531e-08
SEM_entity_types_activity,5.276630351699155e-08
LING_modality_must,4.8938962631774764e-08
TEMP_reference_type_0,4.839444808592737e-08
SEM_specificity,3.477232826554747e-08
TXT_text_density_0.378,2.7567626428001456e-08
SEM_entity_types_person,2.5314233076870122e-08
TEMP_range_specificity_0,1.841453884136032e-08
INTENT_emotional_tone_2,1.6266024931236793e-08
LING_query_type_imperative,1.4774478256611597e-08
TXT_text_density_1.06,1.463371193459173e-08
SEM_domain_primary_trends,1.3267018402370496e-08
INFO_density_score_medium,1.1410458901867868e-08
SEM_domain_primary_study,7.57057603316e-09
emb_789,5.960658702715467e-09
INTENT_emotional_tone_0.84,4.680612847006786e-09
TASK_needs_filtering,4.512916455434472e-09
emb_517,2.534557069899337e-09
emb_499,1.5801503603025406e-09
TXT_text_density_0.325,1.3532895525111963e-09
SEM_domain_primary_fashion,1.0965105235983097e-09
INTENT_consequence_severity_1,9.723082096176358e-10
LING_verb_noun_ratio_0,4.4753934962691206e-10
SEM_entity_count_none,7.83808165718151e-18
COMP_join_operations_needed,0.0
TXT_text_density_0.25,0.0
LING_tense_future,0.0
TXT_text_density_1.0,0.0
TXT_text_density_0.5135,0.0
LING_clause_complexity,0.0
LING_has_negation,0.0
TXT_text_density_0.4,0.0
TXT_sentence_count,0.0
TXT_text_density_0.3721,0.0
TXT_text_density_0.3659,0.0
TXT_text_density_0.3571,0.0
TASK_multi_modal,0.0
TXT_text_density_0.34,0.0
INTENT_emotional_tone_neutral,0.0
INFO_density_score_0,0.0
INFO_precision_requirement_large,0.0
TXT_text_density_0.32,0.0
TXT_text_density_0.3077,0.0
TXT_text_density_0.3,0.0
TXT_text_density_0.2941,0.0
TXT_text_density_0.2778,0.0
TXT_text_density_0.2558,0.0
SEM_entity_count_1,0.0
LING_verb_noun_ratio_health,0.0
LING_verb_noun_ratio_food,0.0
TEMP_range_specificity_2,0.0
SEM_entity_count_person,0.0
SEM_entity_count_0,0.0
SEM_domain_primary_work,0.0
SEM_entity_types_financial,0.0
SEM_entity_types_location,0.0
SEM_domain_primary_tourism,0.0
SEM_domain_primary_subscription,0.0
SEM_domain_primary_seminar,0.0
SEM_domain_primary_self-development,0.0
SEM_domain_primary_reading,0.0
SEM_domain_primary_note,0.0
SEM_domain_primary_news,0.0
SEM_domain_primary_magazines,0.0
TASK_external_dependency_5,0.0
SEM_domain_primary_lifestyle,0.0
SEM_domain_primary_language,0.0
SEM_domain_primary_hotel,0.0
TASK_expected_result_count_5,0.0
SEM_domain_primary_gift,0.0
SEM_domain_primary_food,0.0
SEM_domain_primary_entertainment,0.0
SEM_domain_primary_education,0.0
SEM_domain_primary_communication,0.0
SEM_domain_primary_blogs,0.0
LING_verb_noun_ratio_scheduling,0.0
SEM_domain_primary_restaurant,0.0
